"date","ni","day","av7"
2019-01-01,57,"Tue",NA
2019-01-02,1057,"Wed",NA
2019-01-03,1052,"Thu",NA
2019-01-04,1515,"Fri",NA
2019-01-05,1,"Sat",NA
2019-01-06,0,NA,NA
2019-01-07,1856,"Mon",791.142857142857
2019-01-08,1803,"Tue",1040.57142857143
2019-01-09,1478,"Wed",1100.71428571429
2019-01-10,1522,"Thu",1167.85714285714
2019-01-11,1439,"Fri",1157
2019-01-12,0,NA,1156.85714285714
2019-01-13,1,"Sun",1157
2019-01-14,2182,"Mon",1203.57142857143
2019-01-15,1788,"Tue",1201.42857142857
2019-01-16,2030,"Wed",1280.28571428571
2019-01-17,1678,"Thu",1302.57142857143
2019-01-18,1581,"Fri",1322.85714285714
2019-01-19,0,NA,1322.85714285714
2019-01-20,0,NA,1322.71428571429
2019-01-21,1869,"Mon",1278
2019-01-22,1715,"Tue",1267.57142857143
2019-01-23,1756,"Wed",1228.42857142857
2019-01-24,1667,"Thu",1226.85714285714
2019-01-25,1558,"Fri",1223.57142857143
2019-01-26,0,NA,1223.57142857143
2019-01-27,0,NA,1223.57142857143
2019-01-28,2643,"Mon",1334.14285714286
2019-01-29,1773,"Tue",1342.42857142857
2019-01-30,1575,"Wed",1316.57142857143
2019-01-31,1480,"Thu",1289.85714285714
2019-02-01,1604,"Fri",1296.42857142857
2019-02-02,1,"Sat",1296.57142857143
2019-02-03,0,NA,1296.57142857143
2019-02-04,2077,"Mon",1215.71428571429
2019-02-05,1848,"Tue",1226.42857142857
2019-02-06,1872,"Wed",1268.85714285714
2019-02-07,1920,"Thu",1331.71428571429
2019-02-08,1662,"Fri",1340
2019-02-09,0,NA,1339.85714285714
2019-02-10,1,"Sun",1340
2019-02-11,2791,"Mon",1442
2019-02-12,1910,"Tue",1450.85714285714
2019-02-13,1848,"Wed",1447.42857142857
2019-02-14,1479,"Thu",1384.42857142857
2019-02-15,1876,"Fri",1415
2019-02-16,0,NA,1415
2019-02-17,0,NA,1414.85714285714
2019-02-18,1850,"Mon",1280.42857142857
2019-02-19,2054,"Tue",1301
2019-02-20,1832,"Wed",1298.71428571429
2019-02-21,1497,"Thu",1301.28571428571
2019-02-22,1590,"Fri",1260.42857142857
2019-02-23,59,"Sat",1268.85714285714
2019-02-24,0,NA,1268.85714285714
2019-02-25,2219,"Mon",1321.57142857143
2019-02-26,1733,"Tue",1275.71428571429
2019-02-27,1639,"Wed",1248.14285714286
2019-02-28,1723,"Thu",1280.42857142857
2019-03-01,1832,"Fri",1315
2019-03-02,1,"Sat",1306.71428571429
2019-03-03,0,NA,1306.71428571429
2019-03-04,2625,"Mon",1364.71428571429
2019-03-05,2044,"Tue",1409.14285714286
2019-03-06,1739,"Wed",1423.42857142857
2019-03-07,1874,"Thu",1445
2019-03-08,2009,"Fri",1470.28571428571
2019-03-09,1124,"Sat",1630.71428571429
2019-03-10,2,"Sun",1631
2019-03-11,1714,"Mon",1500.85714285714
2019-03-12,1936,"Tue",1485.42857142857
2019-03-13,2136,"Wed",1542.14285714286
2019-03-14,1643,"Thu",1509.14285714286
2019-03-15,1983,"Fri",1505.42857142857
2019-03-16,1,"Sat",1345
2019-03-17,0,NA,1344.71428571429
2019-03-18,2409,"Mon",1444
2019-03-19,1984,"Tue",1450.85714285714
2019-03-20,1799,"Wed",1402.71428571429
2019-03-21,2033,"Thu",1458.42857142857
2019-03-22,1642,"Fri",1409.71428571429
2019-03-23,1502,"Sat",1624.14285714286
2019-03-24,0,NA,1624.14285714286
2019-03-25,1316,"Mon",1468
2019-03-26,1769,"Tue",1437.28571428571
2019-03-27,2045,"Wed",1472.42857142857
2019-03-28,1750,"Thu",1432
2019-03-29,1885,"Fri",1466.71428571429
2019-03-30,1523,"Sat",1469.71428571429
2019-03-31,2,"Sun",1470
2019-04-01,1987,"Mon",1565.85714285714
2019-04-02,1818,"Tue",1572.85714285714
2019-04-03,2095,"Wed",1580
2019-04-04,1636,"Thu",1563.71428571429
2019-04-05,2161,"Fri",1603.14285714286
2019-04-06,56,"Sat",1393.57142857143
2019-04-07,1,"Sun",1393.42857142857
2019-04-08,2253,"Mon",1431.42857142857
2019-04-09,2090,"Tue",1470.28571428571
2019-04-10,1980,"Wed",1453.85714285714
2019-04-11,1891,"Thu",1490.28571428571
2019-04-12,2036,"Fri",1472.42857142857
2019-04-13,898,"Sat",1592.71428571429
2019-04-14,0,NA,1592.57142857143
2019-04-15,1945,"Mon",1548.57142857143
2019-04-16,1512,"Tue",1466
2019-04-17,1737,"Wed",1431.28571428571
2019-04-18,1882,"Thu",1430
2019-04-19,0,NA,1139.14285714286
2019-04-20,1020,"Sat",1156.57142857143
2019-04-21,0,NA,1156.57142857143
2019-04-22,0,NA,878.714285714286
2019-04-23,1876,"Tue",930.714285714286
2019-04-24,1686,"Wed",923.428571428571
2019-04-25,1599,"Thu",883
2019-04-26,1603,"Fri",1112
2019-04-27,4,"Sat",966.857142857143
2019-04-28,0,NA,966.857142857143
2019-04-29,2199,"Mon",1281
2019-04-30,1575,"Tue",1238
2019-05-01,2158,"Wed",1305.42857142857
2019-05-02,1640,"Thu",1311.28571428571
2019-05-03,2004,"Fri",1368.57142857143
2019-05-04,0,NA,1368
2019-05-05,0,NA,1368
2019-05-06,1,"Mon",1054
2019-05-07,2255,"Tue",1151.14285714286
2019-05-08,1983,"Wed",1126.14285714286
2019-05-09,1585,"Thu",1118.28571428571
2019-05-10,1843,"Fri",1095.28571428571
2019-05-11,0,NA,1095.28571428571
2019-05-12,0,NA,1095.28571428571
2019-05-13,1979,"Mon",1377.85714285714
2019-05-14,1788,"Tue",1311.14285714286
2019-05-15,1900,"Wed",1299.28571428571
2019-05-16,1880,"Thu",1341.42857142857
2019-05-17,1918,"Fri",1352.14285714286
2019-05-18,4,"Sat",1352.71428571429
2019-05-19,0,NA,1352.71428571429
2019-05-20,2364,"Mon",1407.71428571429
2019-05-21,2081,"Tue",1449.57142857143
2019-05-22,2242,"Wed",1498.42857142857
2019-05-23,1933,"Thu",1506
2019-05-24,1709,"Fri",1476.14285714286
2019-05-25,495,"Sat",1546.28571428571
2019-05-26,1,"Sun",1546.42857142857
2019-05-27,0,NA,1208.71428571429
2019-05-28,1704,"Tue",1154.85714285714
2019-05-29,2017,"Wed",1122.71428571429
2019-05-30,1666,"Thu",1084.57142857143
2019-05-31,1626,"Fri",1072.71428571429
2019-06-01,7,"Sat",1003
2019-06-02,0,NA,1002.85714285714
2019-06-03,2340,"Mon",1337.14285714286
2019-06-04,1694,"Tue",1335.71428571429
2019-06-05,2205,"Wed",1362.57142857143
2019-06-06,1691,"Thu",1366.14285714286
2019-06-07,1676,"Fri",1373.28571428571
2019-06-08,0,NA,1372.28571428571
2019-06-09,0,NA,1372.28571428571
2019-06-10,2324,"Mon",1370
2019-06-11,2128,"Tue",1432
2019-06-12,1985,"Wed",1400.57142857143
2019-06-13,1843,"Thu",1422.28571428571
2019-06-14,1805,"Fri",1440.71428571429
2019-06-15,78,"Sat",1451.85714285714
2019-06-16,0,NA,1451.85714285714
2019-06-17,2130,"Mon",1424.14285714286
2019-06-18,1910,"Tue",1393
2019-06-19,2127,"Wed",1413.28571428571
2019-06-20,1460,"Thu",1358.57142857143
2019-06-21,1775,"Fri",1354.28571428571
2019-06-22,0,NA,1343.14285714286
2019-06-23,0,NA,1343.14285714286
2019-06-24,1977,"Mon",1321.28571428571
2019-06-25,1995,"Tue",1333.42857142857
2019-06-26,1818,"Wed",1289.28571428571
2019-06-27,1663,"Thu",1318.28571428571
2019-06-28,1588,"Fri",1291.57142857143
2019-06-29,0,NA,1291.57142857143
2019-06-30,0,NA,1291.57142857143
2019-07-01,2232,"Mon",1328
2019-07-02,2005,"Tue",1329.42857142857
2019-07-03,2182,"Wed",1381.42857142857
2019-07-04,1651,"Thu",1379.71428571429
2019-07-05,1637,"Fri",1386.71428571429
2019-07-06,1082,"Sat",1541.28571428571
2019-07-07,38,"Sun",1546.71428571429
2019-07-08,1719,"Mon",1473.42857142857
2019-07-09,1318,"Tue",1375.28571428571
2019-07-10,1769,"Wed",1316.28571428571
2019-07-11,1765,"Thu",1332.57142857143
2019-07-12,1919,"Fri",1372.85714285714
2019-07-13,225,"Sat",1250.42857142857
2019-07-14,66,"Sun",1254.42857142857
2019-07-15,2028,"Mon",1298.57142857143
2019-07-16,1497,"Tue",1324.14285714286
2019-07-17,2109,"Wed",1372.71428571429
2019-07-18,1504,"Thu",1335.42857142857
2019-07-19,1873,"Fri",1328.85714285714
2019-07-20,208,"Sat",1326.42857142857
2019-07-21,0,NA,1317
2019-07-22,1541,"Mon",1247.42857142857
2019-07-23,1659,"Tue",1270.57142857143
2019-07-24,2188,"Wed",1281.85714285714
2019-07-25,1362,"Thu",1261.57142857143
2019-07-26,1642,"Fri",1228.57142857143
2019-07-27,221,"Sat",1230.42857142857
2019-07-28,0,NA,1230.42857142857
2019-07-29,1687,"Mon",1251.28571428571
2019-07-30,1551,"Tue",1235.85714285714
2019-07-31,1755,"Wed",1174
2019-08-01,1675,"Thu",1218.71428571429
2019-08-02,1845,"Fri",1247.71428571429
2019-08-03,0,NA,1216.14285714286
2019-08-04,0,NA,1216.14285714286
2019-08-05,1883,"Mon",1244.14285714286
2019-08-06,1689,"Tue",1263.85714285714
2019-08-07,1923,"Wed",1287.85714285714
2019-08-08,1582,"Thu",1274.57142857143
2019-08-09,1787,"Fri",1266.28571428571
2019-08-10,1,"Sat",1266.42857142857
2019-08-11,0,NA,1266.42857142857
2019-08-12,2108,"Mon",1298.57142857143
2019-08-13,1641,"Tue",1291.71428571429
2019-08-14,1576,"Wed",1242.14285714286
2019-08-15,1402,"Thu",1216.42857142857
2019-08-16,1537,"Fri",1180.71428571429
2019-08-17,0,NA,1180.57142857143
2019-08-18,0,NA,1180.57142857143
2019-08-19,2509,"Mon",1237.85714285714
2019-08-20,1428,"Tue",1207.42857142857
2019-08-21,1745,"Wed",1231.57142857143
2019-08-22,1574,"Thu",1256.14285714286
2019-08-23,1510,"Fri",1252.28571428571
2019-08-24,0,NA,1252.28571428571
2019-08-25,0,NA,1252.28571428571
2019-08-26,1113,"Mon",1052.85714285714
2019-08-27,1711,"Tue",1093.28571428571
2019-08-28,1728,"Wed",1090.85714285714
2019-08-29,1530,"Thu",1084.57142857143
2019-08-30,1654,"Fri",1105.14285714286
2019-08-31,1,"Sat",1105.28571428571
2019-09-01,12,"Sun",1107
2019-09-02,2070,"Mon",1243.71428571429
2019-09-03,1817,"Tue",1258.85714285714
2019-09-04,1694,"Wed",1254
2019-09-05,1790,"Thu",1291.14285714286
2019-09-06,2136,"Fri",1360
2019-09-07,0,NA,1359.85714285714
2019-09-08,0,NA,1358.14285714286
2019-09-09,2115,"Mon",1364.57142857143
2019-09-10,1869,"Tue",1372
2019-09-11,1959,"Wed",1409.85714285714
2019-09-12,1952,"Thu",1433
2019-09-13,2188,"Fri",1440.42857142857
2019-09-14,2,"Sat",1440.71428571429
2019-09-15,71,"Sun",1450.85714285714
2019-09-16,2148,"Mon",1455.57142857143
2019-09-17,1887,"Tue",1458.14285714286
2019-09-18,1735,"Wed",1426.14285714286
2019-09-19,1197,"Thu",1318.28571428571
2019-09-20,2239,"Fri",1325.57142857143
2019-09-21,1451,"Sat",1532.57142857143
2019-09-22,1,"Sun",1522.57142857143
2019-09-23,1699,"Mon",1458.42857142857
2019-09-24,1803,"Tue",1446.42857142857
2019-09-25,1922,"Wed",1473.14285714286
2019-09-26,1979,"Thu",1584.85714285714
2019-09-27,1721,"Fri",1510.85714285714
2019-09-28,0,NA,1303.57142857143
2019-09-29,0,NA,1303.42857142857
2019-09-30,2420,"Mon",1406.42857142857
2019-10-01,2169,"Tue",1458.71428571429
2019-10-02,2041,"Wed",1475.71428571429
2019-10-03,2008,"Thu",1479.85714285714
2019-10-04,1949,"Fri",1512.42857142857
2019-10-05,0,NA,1512.42857142857
2019-10-06,1,"Sun",1512.57142857143
2019-10-07,2312,"Mon",1497.14285714286
2019-10-08,2006,"Tue",1473.85714285714
2019-10-09,2023,"Wed",1471.28571428571
2019-10-10,2188,"Thu",1497
2019-10-11,1632,"Fri",1451.71428571429
2019-10-12,1041,"Sat",1600.42857142857
2019-10-13,31,"Sun",1604.71428571429
2019-10-14,1966,"Mon",1555.28571428571
2019-10-15,1879,"Tue",1537.14285714286
2019-10-16,2109,"Wed",1549.42857142857
2019-10-17,1902,"Thu",1508.57142857143
2019-10-18,1781,"Fri",1529.85714285714
2019-10-19,0,NA,1381.14285714286
2019-10-20,10,"Sun",1378.14285714286
2019-10-21,1932,"Mon",1373.28571428571
2019-10-22,1865,"Tue",1371.28571428571
2019-10-23,1988,"Wed",1354
2019-10-24,2078,"Thu",1379.14285714286
2019-10-25,1781,"Fri",1379.14285714286
2019-10-26,0,NA,1379.14285714286
2019-10-27,0,NA,1377.71428571429
2019-10-28,2372,"Mon",1440.57142857143
2019-10-29,2094,"Tue",1473.28571428571
2019-10-30,1633,"Wed",1422.57142857143
2019-10-31,1590,"Thu",1352.85714285714
2019-11-01,1587,"Fri",1325.14285714286
2019-11-02,0,NA,1325.14285714286
2019-11-03,0,NA,1325.14285714286
2019-11-04,2425,"Mon",1332.71428571429
2019-11-05,1845,"Tue",1297.14285714286
2019-11-06,2035,"Wed",1354.57142857143
2019-11-07,1518,"Thu",1344.28571428571
2019-11-08,2189,"Fri",1430.28571428571
2019-11-09,1,"Sat",1430.42857142857
2019-11-10,1,"Sun",1430.57142857143
2019-11-11,2022,"Mon",1373
2019-11-12,2125,"Tue",1413
2019-11-13,1871,"Wed",1389.57142857143
2019-11-14,1627,"Thu",1405.14285714286
2019-11-15,1650,"Fri",1328.14285714286
2019-11-16,0,NA,1328
2019-11-17,0,NA,1327.85714285714
2019-11-18,2240,"Mon",1359
2019-11-19,1925,"Tue",1330.42857142857
2019-11-20,2280,"Wed",1388.85714285714
2019-11-21,1647,"Thu",1391.71428571429
2019-11-22,1633,"Fri",1389.28571428571
2019-11-23,2,"Sat",1389.57142857143
2019-11-24,0,NA,1389.57142857143
2019-11-25,2383,"Mon",1410
2019-11-26,1910,"Tue",1407.85714285714
2019-11-27,1879,"Wed",1350.57142857143
2019-11-28,1644,"Thu",1350.14285714286
2019-11-29,1740,"Fri",1365.42857142857
2019-11-30,0,NA,1365.14285714286
2019-12-01,13,"Sun",1367
2019-12-02,2664,"Mon",1407.14285714286
2019-12-03,1624,"Tue",1366.28571428571
2019-12-04,1673,"Wed",1336.85714285714
2019-12-05,1788,"Thu",1357.42857142857
2019-12-06,1435,"Fri",1313.85714285714
2019-12-07,0,NA,1313.85714285714
2019-12-08,0,NA,1312
2019-12-09,2455,"Mon",1282.14285714286
2019-12-10,1549,"Tue",1271.42857142857
2019-12-11,1618,"Wed",1263.57142857143
2019-12-12,1693,"Thu",1250
2019-12-13,1394,"Fri",1244.14285714286
2019-12-14,0,NA,1244.14285714286
2019-12-15,0,NA,1244.14285714286
2019-12-16,2138,"Mon",1198.85714285714
2019-12-17,1804,"Tue",1235.28571428571
2019-12-18,1769,"Wed",1256.85714285714
2019-12-19,1740,"Thu",1263.57142857143
2019-12-20,1727,"Fri",1311.14285714286
2019-12-21,1,"Sat",1311.28571428571
2019-12-22,0,NA,1311.28571428571
2019-12-23,1969,"Mon",1287.14285714286
2019-12-24,667,"Tue",1124.71428571429
2019-12-25,0,NA,872
2019-12-26,1,"Thu",623.571428571429
2019-12-27,773,"Fri",487.285714285714
2019-12-28,0,NA,487.142857142857
2019-12-29,0,NA,487.142857142857
2019-12-30,1640,"Mon",440.142857142857
2019-12-31,751,"Tue",452.142857142857
2020-01-01,37,"Wed",457.428571428571
2020-01-02,1492,"Thu",670.428571428571
2020-01-03,1630,"Fri",792.857142857143
2020-01-04,0,NA,792.857142857143
2020-01-05,1,"Sun",793
2020-01-06,2196,"Mon",872.428571428571
2020-01-07,1875,"Tue",1033
2020-01-08,1701,"Wed",1270.71428571429
2020-01-09,2223,"Thu",1375.14285714286
2020-01-10,1792,"Fri",1398.28571428571
2020-01-11,0,NA,1398.28571428571
2020-01-12,0,NA,1398.14285714286
2020-01-13,2753,"Mon",1477.71428571429
2020-01-14,2270,"Tue",1534.14285714286
2020-01-15,2120,"Wed",1594
2020-01-16,1611,"Thu",1506.57142857143
2020-01-17,2586,"Fri",1620
2020-01-18,0,NA,1620
2020-01-19,1,"Sun",1620.14285714286
2020-01-20,3105,"Mon",1670.42857142857
2020-01-21,2234,"Tue",1665.28571428571
2020-01-22,1732,"Wed",1609.85714285714
2020-01-23,2223,"Thu",1697.28571428571
2020-01-24,1846,"Fri",1591.57142857143
2020-01-25,0,NA,1591.57142857143
2020-01-26,0,NA,1591.42857142857
2020-01-27,2629,"Mon",1523.42857142857
2020-01-28,2393,"Tue",1546.14285714286
2020-01-29,1576,"Wed",1523.85714285714
2020-01-30,1571,"Thu",1430.71428571429
2020-01-31,1624,"Fri",1399
2020-02-01,5,"Sat",1399.71428571429
2020-02-02,0,NA,1399.71428571429
2020-02-03,2717,"Mon",1412.28571428571
2020-02-04,2389,"Tue",1411.71428571429
2020-02-05,2285,"Wed",1513
2020-02-06,2320,"Thu",1620
2020-02-07,2120,"Fri",1690.85714285714
2020-02-08,0,NA,1690.14285714286
2020-02-09,0,NA,1690.14285714286
2020-02-10,2845,"Mon",1708.42857142857
2020-02-11,2449,"Tue",1717
2020-02-12,2219,"Wed",1707.57142857143
2020-02-13,2309,"Thu",1706
2020-02-14,2207,"Fri",1718.42857142857
2020-02-15,471,"Sat",1785.71428571429
2020-02-16,0,NA,1785.71428571429
2020-02-17,1979,"Mon",1662
2020-02-18,2021,"Tue",1600.85714285714
2020-02-19,1997,"Wed",1569.14285714286
2020-02-20,2075,"Thu",1535.71428571429
2020-02-21,1810,"Fri",1479
2020-02-22,0,NA,1411.71428571429
2020-02-23,0,NA,1411.71428571429
2020-02-24,2422,"Mon",1475
2020-02-25,2534,"Tue",1548.28571428571
2020-02-26,2641,"Wed",1640.28571428571
2020-02-27,1754,"Thu",1594.42857142857
2020-02-28,1903,"Fri",1607.71428571429
2020-02-29,0,NA,1607.71428571429
2020-03-01,19,"Sun",1610.42857142857
2020-03-02,2304,"Mon",1593.57142857143
2020-03-03,1996,"Tue",1516.71428571429
2020-03-04,2334,"Wed",1472.85714285714
2020-03-05,1781,"Thu",1476.71428571429
2020-03-06,1702,"Fri",1448
2020-03-07,0,NA,1448
2020-03-08,1,"Sun",1445.42857142857
2020-03-09,2909,"Mon",1531.85714285714
2020-03-10,2242,"Tue",1567
2020-03-11,2450,"Wed",1583.57142857143
2020-03-12,2376,"Thu",1668.57142857143
2020-03-13,1478,"Fri",1636.57142857143
2020-03-14,1,"Sat",1636.71428571429
2020-03-15,2,"Sun",1636.85714285714
2020-03-16,1897,"Mon",1492.28571428571
2020-03-17,1846,"Tue",1435.71428571429
2020-03-18,2359,"Wed",1422.71428571429
2020-03-19,1581,"Thu",1309.14285714286
2020-03-20,1468,"Fri",1307.71428571429
2020-03-21,0,NA,1307.57142857143
2020-03-22,0,NA,1307.28571428571
2020-03-23,1398,"Mon",1236
2020-03-24,1446,"Tue",1178.85714285714
2020-03-25,1518,"Wed",1058.71428571429
2020-03-26,1116,"Thu",992.285714285714
2020-03-27,853,"Fri",904.428571428571
2020-03-28,0,NA,904.428571428571
2020-03-29,0,NA,904.428571428571
2020-03-30,1637,"Mon",938.571428571429
2020-03-31,1481,"Tue",943.571428571429
2020-04-01,1426,"Wed",930.428571428571
2020-04-02,1349,"Thu",963.714285714286
2020-04-03,1156,"Fri",1007
2020-04-04,0,NA,1007
2020-04-05,0,NA,1007
2020-04-06,2138,"Mon",1078.57142857143
2020-04-07,1480,"Tue",1078.42857142857
2020-04-08,1025,"Wed",1021.14285714286
2020-04-09,1221,"Thu",1002.85714285714
2020-04-10,0,NA,837.714285714286
2020-04-11,0,NA,837.714285714286
2020-04-12,0,NA,837.714285714286
2020-04-13,0,NA,532.285714285714
2020-04-14,1468,"Tue",530.571428571429
2020-04-15,1644,"Wed",619
2020-04-16,2096,"Thu",744
2020-04-17,1482,"Fri",955.714285714286
2020-04-18,0,NA,955.714285714286
2020-04-19,0,NA,955.714285714286
2020-04-20,1735,"Mon",1203.57142857143
2020-04-21,1505,"Tue",1208.85714285714
2020-04-22,1441,"Wed",1179.85714285714
2020-04-23,1100,"Thu",1037.57142857143
2020-04-24,1228,"Fri",1001.28571428571
2020-04-25,0,NA,1001.28571428571
2020-04-26,0,NA,1001.28571428571
2020-04-27,1885,"Mon",1022.71428571429
2020-04-28,1665,"Tue",1045.57142857143
2020-04-29,1763,"Wed",1091.57142857143
2020-04-30,1400,"Thu",1134.42857142857
2020-05-01,1501,"Fri",1173.42857142857
2020-05-02,0,NA,1173.42857142857
2020-05-03,0,NA,1173.42857142857
2020-05-04,2331,"Mon",1237.14285714286
2020-05-05,2203,"Tue",1314
2020-05-06,2409,"Wed",1406.28571428571
2020-05-07,2261,"Thu",1529.28571428571
2020-05-08,3,"Fri",1315.28571428571
2020-05-09,0,NA,1315.28571428571
2020-05-10,0,NA,1315.28571428571
2020-05-11,3321,"Mon",1456.71428571429
2020-05-12,2518,"Tue",1501.71428571429
2020-05-13,2538,"Wed",1520.14285714286
2020-05-14,2439,"Thu",1545.57142857143
2020-05-15,2668,"Fri",1926.28571428571
2020-05-16,0,NA,1926.28571428571
2020-05-17,0,NA,1926.28571428571
2020-05-18,2830,"Mon",1856.14285714286
2020-05-19,2959,"Tue",1919.14285714286
2020-05-20,2929,"Wed",1975
2020-05-21,2232,"Thu",1945.42857142857
2020-05-22,2247,"Fri",1885.28571428571
2020-05-23,0,NA,1885.28571428571
2020-05-24,0,NA,1885.28571428571
2020-05-25,0,NA,1481
2020-05-26,4097,"Tue",1643.57142857143
2020-05-27,3834,"Wed",1772.85714285714
2020-05-28,2866,"Thu",1863.42857142857
2020-05-29,2711,"Fri",1929.71428571429
2020-05-30,2460,"Sat",2281.14285714286
2020-05-31,1,"Sun",2281.28571428571
2020-06-01,2023,"Mon",2570.28571428571
2020-06-02,2789,"Tue",2383.42857142857
2020-06-03,3292,"Wed",2306
2020-06-04,2610,"Thu",2269.42857142857
2020-06-05,3054,"Fri",2318.42857142857
2020-06-06,0,NA,1967
2020-06-07,0,NA,1966.85714285714
2020-06-08,4470,"Mon",2316.42857142857
2020-06-09,3958,"Tue",2483.42857142857
2020-06-10,2543,"Wed",2376.42857142857
2020-06-11,3567,"Thu",2513.14285714286
2020-06-12,3089,"Fri",2518.14285714286
2020-06-13,2321,"Sat",2849.71428571429
2020-06-14,0,NA,2849.71428571429
2020-06-15,3140,"Mon",2659.71428571429
2020-06-16,2643,"Tue",2471.85714285714
2020-06-17,2726,"Wed",2498
2020-06-18,2710,"Thu",2375.57142857143
2020-06-19,3270,"Fri",2401.42857142857
2020-06-20,2725,"Sat",2459.14285714286
2020-06-21,0,NA,2459.14285714286
2020-06-22,3346,"Mon",2488.57142857143
2020-06-23,2658,"Tue",2490.71428571429
2020-06-24,2744,"Wed",2493.28571428571
2020-06-25,2544,"Thu",2469.57142857143
2020-06-26,2188,"Fri",2315
2020-06-27,0,NA,1925.71428571429
2020-06-28,0,NA,1925.71428571429
2020-06-29,4036,"Mon",2024.28571428571
2020-06-30,3914,"Tue",2203.71428571429
2020-07-01,3544,"Wed",2318
2020-07-02,3231,"Thu",2416.14285714286
2020-07-03,2585,"Fri",2472.85714285714
2020-07-04,1445,"Sat",2679.28571428571
2020-07-05,1591,"Sun",2906.57142857143
2020-07-06,3445,"Mon",2822.14285714286
2020-07-07,2770,"Tue",2658.71428571429
2020-07-08,2995,"Wed",2580.28571428571
2020-07-09,2761,"Thu",2513.14285714286
2020-07-10,3027,"Fri",2576.28571428571
2020-07-11,1,"Sat",2370
2020-07-12,0,NA,2142.71428571429
2020-07-13,3795,"Mon",2192.71428571429
2020-07-14,3619,"Tue",2314
2020-07-15,3526,"Wed",2389.85714285714
2020-07-16,2698,"Thu",2380.85714285714
2020-07-17,2619,"Fri",2322.57142857143
2020-07-18,0,NA,2322.42857142857
2020-07-19,2257,"Sun",2644.85714285714
2020-07-20,2850,"Mon",2509.85714285714
2020-07-21,2923,"Tue",2410.42857142857
2020-07-22,2701,"Wed",2292.57142857143
2020-07-23,3113,"Thu",2351.85714285714
2020-07-24,2788,"Fri",2376
2020-07-25,1,"Sat",2376.14285714286
2020-07-26,0,NA,2053.71428571429
2020-07-27,4111,"Mon",2233.85714285714
2020-07-28,3569,"Tue",2326.14285714286
2020-07-29,3650,"Wed",2461.71428571429
2020-07-30,3120,"Thu",2462.71428571429
2020-07-31,2420,"Fri",2410.14285714286
2020-08-01,486,"Sat",2479.42857142857
2020-08-02,1973,"Sun",2761.28571428571
2020-08-03,2353,"Mon",2510.14285714286
2020-08-04,2942,"Tue",2420.57142857143
2020-08-05,3264,"Wed",2365.42857142857
2020-08-06,2741,"Thu",2311.28571428571
2020-08-07,2464,"Fri",2317.57142857143
2020-08-08,0,NA,2248.14285714286
2020-08-09,1,"Sun",1966.42857142857
2020-08-10,3295,"Mon",2101
2020-08-11,3071,"Tue",2119.42857142857
2020-08-12,2743,"Wed",2045
2020-08-13,2814,"Thu",2055.42857142857
2020-08-14,2710,"Fri",2090.57142857143
2020-08-15,3,"Sat",2091
2020-08-16,1597,"Sun",2319
2020-08-17,3147,"Mon",2297.85714285714
2020-08-18,3143,"Tue",2308.14285714286
2020-08-19,3049,"Wed",2351.85714285714
2020-08-20,2763,"Thu",2344.57142857143
2020-08-21,2872,"Fri",2367.71428571429
2020-08-22,0,NA,2367.28571428571
2020-08-23,0,NA,2139.14285714286
2020-08-24,3668,"Mon",2213.57142857143
2020-08-25,3103,"Tue",2207.85714285714
2020-08-26,2839,"Wed",2177.85714285714
2020-08-27,2795,"Thu",2182.42857142857
2020-08-28,2592,"Fri",2142.42857142857
2020-08-29,31,"Sat",2146.85714285714
2020-08-30,0,NA,2146.85714285714
2020-08-31,3348,"Mon",2101.14285714286
2020-09-01,2735,"Tue",2048.57142857143
2020-09-02,2757,"Wed",2036.85714285714
2020-09-03,3065,"Thu",2075.42857142857
2020-09-04,2958,"Fri",2127.71428571429
2020-09-05,0,NA,2123.28571428571
2020-09-06,1,"Sun",2123.42857142857
2020-09-07,3743,"Mon",2179.85714285714
2020-09-08,3215,"Tue",2248.42857142857
2020-09-09,3212,"Wed",2313.42857142857
2020-09-10,2722,"Thu",2264.42857142857
2020-09-11,2142,"Fri",2147.85714285714
2020-09-12,299,"Sat",2190.57142857143
2020-09-13,2823,"Sun",2593.71428571429
2020-09-14,1974,"Mon",2341
2020-09-15,2615,"Tue",2255.28571428571
2020-09-16,2966,"Wed",2220.14285714286
2020-09-17,2862,"Thu",2240.14285714286
2020-09-18,3450,"Fri",2427
2020-09-19,0,NA,2384.28571428571
2020-09-20,1,"Sun",1981.14285714286
2020-09-21,4302,"Mon",2313.71428571429
2020-09-22,3006,"Tue",2369.57142857143
2020-09-23,3163,"Wed",2397.71428571429
2020-09-24,3121,"Thu",2434.71428571429
2020-09-25,3504,"Fri",2442.42857142857
2020-09-26,0,NA,2442.42857142857
2020-09-27,0,NA,2442.28571428571
2020-09-28,4114,"Mon",2415.42857142857
2020-09-29,2801,"Tue",2386.14285714286
2020-09-30,3190,"Wed",2390
2020-10-01,3710,"Thu",2474.14285714286
2020-10-02,3873,"Fri",2526.85714285714
2020-10-03,1244,"Sat",2704.57142857143
2020-10-04,1727,"Sun",2951.28571428571
2020-10-05,3384,"Mon",2847
2020-10-06,3132,"Tue",2894.28571428571
2020-10-07,3064,"Wed",2876.28571428571
2020-10-08,2829,"Thu",2750.42857142857
2020-10-09,2766,"Fri",2592.28571428571
2020-10-10,0,NA,2414.57142857143
2020-10-11,0,NA,2167.85714285714
2020-10-12,3481,"Mon",2181.71428571429
2020-10-13,3476,"Tue",2230.85714285714
2020-10-14,3561,"Wed",2301.85714285714
2020-10-15,3386,"Thu",2381.42857142857
2020-10-16,2663,"Fri",2366.71428571429
2020-10-17,0,NA,2366.71428571429
2020-10-18,0,NA,2366.71428571429
2020-10-19,3376,"Mon",2351.71428571429
2020-10-20,2556,"Tue",2220.28571428571
2020-10-21,2947,"Wed",2132.57142857143
2020-10-22,3085,"Thu",2089.57142857143
2020-10-23,3119,"Fri",2154.71428571429
2020-10-24,2,"Sat",2155
2020-10-25,0,NA,2155
2020-10-26,3399,"Mon",2158.28571428571
2020-10-27,3585,"Tue",2305.28571428571
2020-10-28,2944,"Wed",2304.85714285714
2020-10-29,2952,"Thu",2285.85714285714
2020-10-30,2740,"Fri",2231.71428571429
2020-10-31,1,"Sat",2231.57142857143
2020-11-01,21,"Sun",2234.57142857143
2020-11-02,4217,"Mon",2351.42857142857
2020-11-03,3033,"Tue",2272.57142857143
2020-11-04,3469,"Wed",2347.57142857143
2020-11-05,2962,"Thu",2349
2020-11-06,2438,"Fri",2305.85714285714
2020-11-07,1,"Sat",2305.85714285714
2020-11-08,0,NA,2302.85714285714
2020-11-09,3380,"Mon",2183.28571428571
2020-11-10,2898,"Tue",2164
2020-11-11,3452,"Wed",2161.57142857143
2020-11-12,2798,"Thu",2138.14285714286
2020-11-13,3294,"Fri",2260.42857142857
2020-11-14,0,NA,2260.28571428571
2020-11-15,3740,"Sun",2794.57142857143
2020-11-16,2678,"Mon",2694.28571428571
2020-11-17,2666,"Tue",2661.14285714286
2020-11-18,2957,"Wed",2590.42857142857
2020-11-19,3067,"Thu",2628.85714285714
2020-11-20,3021,"Fri",2589.85714285714
2020-11-21,0,NA,2589.85714285714
2020-11-22,0,NA,2055.57142857143
2020-11-23,3142,"Mon",2121.85714285714
2020-11-24,3034,"Tue",2174.42857142857
2020-11-25,2545,"Wed",2115.57142857143
2020-11-26,2557,"Thu",2042.71428571429
2020-11-27,2914,"Fri",2027.42857142857
2020-11-28,6,"Sat",2028.28571428571
2020-11-29,0,NA,2028.28571428571
2020-11-30,3247,"Mon",2043.28571428571
2020-12-01,3230,"Tue",2071.28571428571
2020-12-02,3170,"Wed",2160.57142857143
2020-12-03,2601,"Thu",2166.85714285714
2020-12-04,2595,"Fri",2121.28571428571
2020-12-05,0,NA,2120.42857142857
2020-12-06,2949,"Sun",2541.71428571429
2020-12-07,2676,"Mon",2460.14285714286
2020-12-08,2404,"Tue",2342.14285714286
2020-12-09,3108,"Wed",2333.28571428571
2020-12-10,2065,"Thu",2256.71428571429
2020-12-11,2503,"Fri",2243.57142857143
2020-12-12,0,NA,2243.57142857143
2020-12-13,0,NA,1822.28571428571
2020-12-14,2895,"Mon",1853.57142857143
2020-12-15,2409,"Tue",1854.28571428571
2020-12-16,2668,"Wed",1791.42857142857
2020-12-17,2757,"Thu",1890.28571428571
2020-12-18,2511,"Fri",1891.42857142857
2020-12-19,270,"Sat",1930
2020-12-20,0,NA,1930
2020-12-21,2948,"Mon",1937.57142857143
2020-12-22,2293,"Tue",1921
2020-12-23,2306,"Wed",1869.28571428571
2020-12-24,1559,"Thu",1698.14285714286
2020-12-25,0,NA,1339.42857142857
2020-12-26,0,NA,1300.85714285714
2020-12-27,0,NA,1300.85714285714
2020-12-28,0,NA,879.714285714286
2020-12-29,2561,"Tue",918
2020-12-30,3181,"Wed",1043
2020-12-31,2360,"Thu",1157.42857142857
2021-01-01,63,"Fri",1166.42857142857
2021-01-02,110,"Sat",1182.14285714286
2021-01-03,0,NA,1182.14285714286
2021-01-04,3727,"Mon",1714.57142857143
2021-01-05,3336,"Tue",1825.28571428571
2021-01-06,3644,"Wed",1891.42857142857
2021-01-07,2367,"Thu",1892.42857142857
2021-01-08,2850,"Fri",2290.57142857143
2021-01-09,0,NA,2274.85714285714
2021-01-10,0,NA,2274.85714285714
2021-01-11,3629,"Mon",2260.85714285714
2021-01-12,3018,"Tue",2215.42857142857
2021-01-13,3156,"Wed",2145.71428571429
2021-01-14,2814,"Thu",2209.57142857143
2021-01-15,2670,"Fri",2183.85714285714
2021-01-16,0,NA,2183.85714285714
2021-01-17,1,"Sun",2184
2021-01-18,4370,"Mon",2289.85714285714
2021-01-19,3058,"Tue",2295.57142857143
2021-01-20,3404,"Wed",2331
2021-01-21,2796,"Thu",2328.42857142857
2021-01-22,2251,"Fri",2268.57142857143
2021-01-23,0,NA,2268.57142857143
2021-01-24,53,"Sun",2276
2021-01-25,4354,"Mon",2273.71428571429
2021-01-26,3017,"Tue",2267.85714285714
2021-01-27,3301,"Wed",2253.14285714286
2021-01-28,2680,"Thu",2236.57142857143
2021-01-29,2689,"Fri",2299.14285714286
2021-01-30,104,"Sat",2314
2021-01-31,0,NA,2306.42857142857
2021-02-01,3656,"Mon",2206.71428571429
2021-02-02,3244,"Tue",2239.14285714286
2021-02-03,3378,"Wed",2250.14285714286
2021-02-04,2922,"Thu",2284.71428571429
2021-02-05,2739,"Fri",2291.85714285714
2021-02-06,98,"Sat",2291
2021-02-07,0,NA,2291
2021-02-08,3987,"Mon",2338.28571428571
2021-02-09,3723,"Tue",2406.71428571429
2021-02-10,3631,"Wed",2442.85714285714
2021-02-11,3350,"Thu",2504
2021-02-12,2138,"Fri",2418.14285714286
2021-02-13,0,NA,2404.14285714286
2021-02-14,0,NA,2404.14285714286
2021-02-15,2925,"Mon",2252.42857142857
2021-02-16,3571,"Tue",2230.71428571429
2021-02-17,3280,"Wed",2180.57142857143
2021-02-18,3174,"Thu",2155.42857142857
2021-02-19,2982,"Fri",2276
2021-02-20,0,NA,2276
2021-02-21,0,NA,2276
2021-02-22,3216,"Mon",2317.57142857143
2021-02-23,3023,"Tue",2239.28571428571
2021-02-24,3942,"Wed",2333.85714285714
2021-02-25,3985,"Thu",2449.71428571429
2021-02-26,2957,"Fri",2446.14285714286
2021-02-27,2916,"Sat",2862.71428571429
2021-02-28,0,NA,2862.71428571429
2021-03-01,3464,"Mon",2898.14285714286
2021-03-02,3514,"Tue",2968.28571428571
2021-03-03,3254,"Wed",2870
2021-03-04,2872,"Thu",2711
2021-03-05,3254,"Fri",2753.42857142857
2021-03-06,0,NA,2336.85714285714
2021-03-07,0,NA,2336.85714285714
2021-03-08,3786,"Mon",2382.85714285714
2021-03-09,2892,"Tue",2294
2021-03-10,2883,"Wed",2241
2021-03-11,3473,"Thu",2326.85714285714
2021-03-12,3644,"Fri",2382.57142857143
2021-03-13,54,"Sat",2390.28571428571
2021-03-14,1,"Sun",2390.42857142857
2021-03-15,4282,"Mon",2461.28571428571
2021-03-16,3391,"Tue",2532.57142857143
2021-03-17,2541,"Wed",2483.71428571429
2021-03-18,2703,"Thu",2373.71428571429
2021-03-19,3153,"Fri",2303.57142857143
2021-03-20,2,"Sat",2296.14285714286
2021-03-21,1872,"Sun",2563.42857142857
2021-03-22,3503,"Mon",2452.14285714286
2021-03-23,2745,"Tue",2359.85714285714
2021-03-24,3234,"Wed",2458.85714285714
2021-03-25,2583,"Thu",2441.71428571429
2021-03-26,3269,"Fri",2458.28571428571
2021-03-27,0,NA,2458
2021-03-28,2038,"Sun",2481.71428571429
2021-03-29,4117,"Mon",2569.42857142857
2021-03-30,2961,"Tue",2600.28571428571
2021-03-31,3109,"Wed",2582.42857142857
2021-04-01,3140,"Thu",2662
2021-04-02,0,NA,2195
2021-04-03,3246,"Sat",2658.71428571429
2021-04-04,0,NA,2367.57142857143
2021-04-05,1,"Mon",1779.57142857143
2021-04-06,3538,"Tue",1862
2021-04-07,3625,"Wed",1935.71428571429
2021-04-08,4093,"Thu",2071.85714285714
2021-04-09,3522,"Fri",2575
2021-04-10,0,NA,2111.28571428571
2021-04-11,0,NA,2111.28571428571
2021-04-12,3225,"Mon",2571.85714285714
2021-04-13,2630,"Tue",2442.14285714286
2021-04-14,3604,"Wed",2439.14285714286
2021-04-15,3431,"Thu",2344.57142857143
2021-04-16,3092,"Fri",2283.14285714286
2021-04-17,0,NA,2283.14285714286
2021-04-18,0,NA,2283.14285714286
2021-04-19,4016,"Mon",2396.14285714286
2021-04-20,2468,"Tue",2373
2021-04-21,2796,"Wed",2257.57142857143
2021-04-22,2538,"Thu",2130
2021-04-23,2720,"Fri",2076.85714285714
2021-04-24,0,NA,2076.85714285714
2021-04-25,0,NA,2076.85714285714
2021-04-26,3658,"Mon",2025.71428571429
2021-04-27,3464,"Tue",2168
2021-04-28,3196,"Wed",2225.14285714286
2021-04-29,2980,"Thu",2288.28571428571
2021-04-30,2479,"Fri",2253.85714285714
2021-05-01,12,"Sat",2255.57142857143
2021-05-02,0,NA,2255.57142857143
2021-05-03,2301,"Mon",2061.71428571429
2021-05-04,3818,"Tue",2112.28571428571
2021-05-05,2881,"Wed",2067.28571428571
2021-05-06,2490,"Thu",1997.28571428571
2021-05-07,2483,"Fri",1997.85714285714
2021-05-08,0,NA,1996.14285714286
2021-05-09,0,NA,1996.14285714286
2021-05-10,3051,"Mon",2103.28571428571
2021-05-11,3875,"Tue",2111.42857142857
2021-05-12,2999,"Wed",2128.28571428571
2021-05-13,3215,"Thu",2231.85714285714
2021-05-14,4445,"Fri",2512.14285714286
2021-05-15,305,"Sat",2555.71428571429
2021-05-16,1953,"Sun",2834.71428571429
2021-05-17,3240,"Mon",2861.71428571429
2021-05-18,2646,"Tue",2686.14285714286
2021-05-19,2381,"Wed",2597.85714285714
2021-05-20,2977,"Thu",2563.85714285714
2021-05-21,2377,"Fri",2268.42857142857
2021-05-22,0,NA,2224.85714285714
2021-05-23,0,NA,1945.85714285714
2021-05-24,3418,"Mon",1971.28571428571
2021-05-25,2668,"Tue",1974.42857142857
2021-05-26,3083,"Wed",2074.71428571429
2021-05-27,2888,"Thu",2062
2021-05-28,2751,"Fri",2115.42857142857
2021-05-29,0,NA,2115.42857142857
2021-05-30,0,NA,2115.42857142857
2021-05-31,1560,"Mon",1850
2021-06-01,3353,"Tue",1947.85714285714
2021-06-02,2581,"Wed",1876.14285714286
2021-06-03,2513,"Thu",1822.57142857143
2021-06-04,2357,"Fri",1766.28571428571
2021-06-05,0,NA,1766.28571428571
2021-06-06,0,NA,1766.28571428571
2021-06-07,3762,"Mon",2080.85714285714
2021-06-08,2859,"Tue",2010.28571428571
2021-06-09,2496,"Wed",1998.14285714286
2021-06-10,2879,"Thu",2050.42857142857
2021-06-11,2211,"Fri",2029.57142857143
2021-06-12,0,NA,2029.57142857143
2021-06-13,0,NA,2029.57142857143
2021-06-14,3003,"Mon",1921.14285714286
2021-06-15,3034,"Tue",1946.14285714286
2021-06-16,2468,"Wed",1942.14285714286
2021-06-17,2632,"Thu",1906.85714285714
2021-06-18,2787,"Fri",1989.14285714286
2021-06-19,230,"Sat",2022
2021-06-20,272,"Sun",2060.85714285714
2021-06-21,3467,"Mon",2127.14285714286
2021-06-22,2364,"Tue",2031.42857142857
2021-06-23,2239,"Wed",1998.71428571429
2021-06-24,2354,"Thu",1959
2021-06-25,2738,"Fri",1952
2021-06-26,219,"Sat",1950.42857142857
2021-06-27,270,"Sun",1950.14285714286
2021-06-28,2912,"Mon",1870.85714285714
2021-06-29,2631,"Tue",1909
2021-06-30,2526,"Wed",1950
2021-07-01,2932,"Thu",2032.57142857143
2021-07-02,2041,"Fri",1933
2021-07-03,393,"Sat",1957.85714285714
2021-07-04,405,"Sun",1977.14285714286
2021-07-05,3345,"Mon",2039
2021-07-06,2507,"Tue",2021.28571428571
2021-07-07,2363,"Wed",1998
2021-07-08,2571,"Thu",1946.42857142857
2021-07-09,2877,"Fri",2065.85714285714
2021-07-10,65,"Sat",2019
2021-07-11,0,NA,1961.14285714286
2021-07-12,2316,"Mon",1814.14285714286
2021-07-13,2583,"Tue",1825
2021-07-14,2216,"Wed",1804
2021-07-15,2861,"Thu",1845.42857142857
2021-07-16,2255,"Fri",1756.57142857143
2021-07-17,199,"Sat",1775.71428571429
2021-07-18,229,"Sun",1808.42857142857
2021-07-19,3030,"Mon",1910.42857142857
2021-07-20,2507,"Tue",1899.57142857143
2021-07-21,2076,"Wed",1879.57142857143
2021-07-22,2740,"Thu",1862.28571428571
2021-07-23,2694,"Fri",1925
2021-07-24,271,"Sat",1935.28571428571
2021-07-25,261,"Sun",1939.85714285714
2021-07-26,2553,"Mon",1871.71428571429
2021-07-27,2627,"Tue",1888.85714285714
2021-07-28,2581,"Wed",1961
2021-07-29,2606,"Thu",1941.85714285714
2021-07-30,2538,"Fri",1919.57142857143
2021-07-31,281,"Sat",1921
2021-08-01,324,"Sun",1930
2021-08-02,2647,"Mon",1943.42857142857
2021-08-03,1616,"Tue",1799
2021-08-04,2980,"Wed",1856
2021-08-05,2718,"Thu",1872
2021-08-06,2854,"Fri",1917.14285714286
2021-08-07,282,"Sat",1917.28571428571
2021-08-08,312,"Sun",1915.57142857143
2021-08-09,3109,"Mon",1981.57142857143
2021-08-10,2115,"Tue",2052.85714285714
2021-08-11,2426,"Wed",1973.71428571429
2021-08-12,2786,"Thu",1983.42857142857
2021-08-13,2443,"Fri",1924.71428571429
2021-08-14,208,"Sat",1914.14285714286
2021-08-15,256,"Sun",1906.14285714286
2021-08-16,2783,"Mon",1859.57142857143
2021-08-17,2584,"Tue",1926.57142857143
2021-08-18,2475,"Wed",1933.57142857143
2021-08-19,2168,"Thu",1845.28571428571
2021-08-20,2075,"Fri",1792.71428571429
2021-08-21,0,NA,1763
2021-08-22,0,NA,1726.42857142857
2021-08-23,3455,"Mon",1822.42857142857
2021-08-24,3153,"Tue",1903.71428571429
2021-08-25,2856,"Wed",1958.14285714286
2021-08-26,2396,"Thu",1990.71428571429
2021-08-27,2227,"Fri",2012.42857142857
2021-08-28,212,"Sat",2042.71428571429
2021-08-29,230,"Sun",2075.57142857143
2021-08-30,1722,"Mon",1828
2021-08-31,2853,"Tue",1785.14285714286
2021-09-01,2988,"Wed",1804
2021-09-02,2281,"Thu",1787.57142857143
2021-09-03,2350,"Fri",1805.14285714286
2021-09-04,246,"Sat",1810
2021-09-05,307,"Sun",1821
2021-09-06,2980,"Mon",2000.71428571429
2021-09-07,2687,"Tue",1977
2021-09-08,2889,"Wed",1962.85714285714
2021-09-09,2241,"Thu",1957.14285714286
2021-09-10,2955,"Fri",2043.57142857143
2021-09-11,294,"Sat",2050.42857142857
2021-09-12,276,"Sun",2046
2021-09-13,2773,"Mon",2016.42857142857
2021-09-14,3424,"Tue",2121.71428571429
2021-09-15,2890,"Wed",2121.85714285714
2021-09-16,2885,"Thu",2213.85714285714
2021-09-17,2498,"Fri",2148.57142857143
2021-09-18,253,"Sat",2142.71428571429
2021-09-19,301,"Sun",2146.28571428571
2021-09-20,2614,"Mon",2123.57142857143
2021-09-21,3104,"Tue",2077.85714285714
2021-09-22,2619,"Wed",2039.14285714286
2021-09-23,2640,"Thu",2004.14285714286
2021-09-24,2701,"Fri",2033.14285714286
2021-09-25,259,"Sat",2034
2021-09-26,294,"Sun",2033
2021-09-27,2825,"Mon",2063.14285714286
2021-09-28,3190,"Tue",2075.42857142857
2021-09-29,2850,"Wed",2108.42857142857
2021-09-30,3364,"Thu",2211.85714285714
2021-10-01,1,"Fri",1826.14285714286
