"date","ni","day","av7"
2019-01-01,19,"Tue",NA
2019-01-02,542,"Wed",NA
2019-01-03,505,"Thu",NA
2019-01-04,746,"Fri",NA
2019-01-05,1,"Sat",NA
2019-01-06,0,NA,NA
2019-01-07,872,"Mon",383.571428571429
2019-01-08,874,"Tue",505.714285714286
2019-01-09,687,"Wed",526.428571428571
2019-01-10,697,"Thu",553.857142857143
2019-01-11,684,"Fri",545
2019-01-12,0,NA,544.857142857143
2019-01-13,1,"Sun",545
2019-01-14,1058,"Mon",571.571428571429
2019-01-15,875,"Tue",571.714285714286
2019-01-16,995,"Wed",615.714285714286
2019-01-17,829,"Thu",634.571428571429
2019-01-18,794,"Fri",650.285714285714
2019-01-19,0,NA,650.285714285714
2019-01-20,0,NA,650.142857142857
2019-01-21,892,"Mon",626.428571428571
2019-01-22,868,"Tue",625.428571428571
2019-01-23,879,"Wed",608.857142857143
2019-01-24,778,"Thu",601.571428571429
2019-01-25,731,"Fri",592.571428571429
2019-01-26,0,NA,592.571428571429
2019-01-27,0,NA,592.571428571429
2019-01-28,1306,"Mon",651.714285714286
2019-01-29,868,"Tue",651.714285714286
2019-01-30,772,"Wed",636.428571428571
2019-01-31,736,"Thu",630.428571428571
2019-02-01,791,"Fri",639
2019-02-02,0,NA,639
2019-02-03,0,NA,639
2019-02-04,1026,"Mon",599
2019-02-05,891,"Tue",602.285714285714
2019-02-06,927,"Wed",624.428571428571
2019-02-07,933,"Thu",652.571428571429
2019-02-08,768,"Fri",649.285714285714
2019-02-09,0,NA,649.285714285714
2019-02-10,0,NA,649.285714285714
2019-02-11,1344,"Mon",694.714285714286
2019-02-12,912,"Tue",697.714285714286
2019-02-13,908,"Wed",695
2019-02-14,711,"Thu",663.285714285714
2019-02-15,856,"Fri",675.857142857143
2019-02-16,0,NA,675.857142857143
2019-02-17,0,NA,675.857142857143
2019-02-18,831,"Mon",602.571428571429
2019-02-19,1001,"Tue",615.285714285714
2019-02-20,855,"Wed",607.714285714286
2019-02-21,722,"Thu",609.285714285714
2019-02-22,786,"Fri",599.285714285714
2019-02-23,35,"Sat",604.285714285714
2019-02-24,0,NA,604.285714285714
2019-02-25,1027,"Mon",632.285714285714
2019-02-26,831,"Tue",608
2019-02-27,735,"Wed",590.857142857143
2019-02-28,840,"Thu",607.714285714286
2019-03-01,855,"Fri",617.571428571429
2019-03-02,0,NA,612.571428571429
2019-03-03,0,NA,612.571428571429
2019-03-04,1266,"Mon",646.714285714286
2019-03-05,1014,"Tue",672.857142857143
2019-03-06,818,"Wed",684.714285714286
2019-03-07,853,"Thu",686.571428571429
2019-03-08,921,"Fri",696
2019-03-09,541,"Sat",773.285714285714
2019-03-10,1,"Sun",773.428571428571
2019-03-11,847,"Mon",713.571428571429
2019-03-12,884,"Tue",695
2019-03-13,961,"Wed",715.428571428571
2019-03-14,761,"Thu",702.285714285714
2019-03-15,963,"Fri",708.285714285714
2019-03-16,0,NA,631
2019-03-17,0,NA,630.857142857143
2019-03-18,1170,"Mon",677
2019-03-19,975,"Tue",690
2019-03-20,870,"Wed",677
2019-03-21,969,"Thu",706.714285714286
2019-03-22,792,"Fri",682.285714285714
2019-03-23,716,"Sat",784.571428571429
2019-03-24,0,NA,784.571428571429
2019-03-25,693,"Mon",716.428571428571
2019-03-26,825,"Tue",695
2019-03-27,1045,"Wed",720
2019-03-28,817,"Thu",698.285714285714
2019-03-29,930,"Fri",718
2019-03-30,767,"Sat",725.285714285714
2019-03-31,1,"Sun",725.428571428571
2019-04-01,951,"Mon",762.285714285714
2019-04-02,890,"Tue",771.571428571429
2019-04-03,1055,"Wed",773
2019-04-04,787,"Thu",768.714285714286
2019-04-05,987,"Fri",776.857142857143
2019-04-06,31,"Sat",671.714285714286
2019-04-07,1,"Sun",671.714285714286
2019-04-08,1118,"Mon",695.571428571429
2019-04-09,967,"Tue",706.571428571429
2019-04-10,912,"Wed",686.142857142857
2019-04-11,897,"Thu",701.857142857143
2019-04-12,986,"Fri",701.714285714286
2019-04-13,451,"Sat",761.714285714286
2019-04-14,0,NA,761.571428571429
2019-04-15,916,"Mon",732.714285714286
2019-04-16,746,"Tue",701.142857142857
2019-04-17,857,"Wed",693.285714285714
2019-04-18,948,"Thu",700.571428571429
2019-04-19,0,NA,559.714285714286
2019-04-20,518,"Sat",569.285714285714
2019-04-21,0,NA,569.285714285714
2019-04-22,0,NA,438.428571428571
2019-04-23,938,"Tue",465.857142857143
2019-04-24,845,"Wed",464.142857142857
2019-04-25,779,"Thu",440
2019-04-26,796,"Fri",553.714285714286
2019-04-27,2,"Sat",480
2019-04-28,0,NA,480
2019-04-29,1095,"Mon",636.428571428571
2019-04-30,754,"Tue",610.142857142857
2019-05-01,1000,"Wed",632.285714285714
2019-05-02,845,"Thu",641.714285714286
2019-05-03,984,"Fri",668.571428571429
2019-05-04,0,NA,668.285714285714
2019-05-05,0,NA,668.285714285714
2019-05-06,1,"Mon",512
2019-05-07,1041,"Tue",553
2019-05-08,1007,"Wed",554
2019-05-09,730,"Thu",537.571428571429
2019-05-10,911,"Fri",527.142857142857
2019-05-11,0,NA,527.142857142857
2019-05-12,0,NA,527.142857142857
2019-05-13,986,"Mon",667.857142857143
2019-05-14,906,"Tue",648.571428571429
2019-05-15,879,"Wed",630.285714285714
2019-05-16,929,"Thu",658.714285714286
2019-05-17,892,"Fri",656
2019-05-18,2,"Sat",656.285714285714
2019-05-19,0,NA,656.285714285714
2019-05-20,1218,"Mon",689.428571428571
2019-05-21,1025,"Tue",706.428571428571
2019-05-22,1069,"Wed",733.571428571429
2019-05-23,884,"Thu",727.142857142857
2019-05-24,806,"Fri",714.857142857143
2019-05-25,237,"Sat",748.428571428571
2019-05-26,1,"Sun",748.571428571429
2019-05-27,0,NA,574.571428571429
2019-05-28,758,"Tue",536.428571428571
2019-05-29,929,"Wed",516.428571428571
2019-05-30,748,"Thu",497
2019-05-31,729,"Fri",486
2019-06-01,2,"Sat",452.428571428571
2019-06-02,0,NA,452.285714285714
2019-06-03,1071,"Mon",605.285714285714
2019-06-04,724,"Tue",600.428571428571
2019-06-05,1041,"Wed",616.428571428571
2019-06-06,723,"Thu",612.857142857143
2019-06-07,786,"Fri",621
2019-06-08,0,NA,620.714285714286
2019-06-09,0,NA,620.714285714286
2019-06-10,1043,"Mon",616.714285714286
2019-06-11,967,"Tue",651.428571428571
2019-06-12,876,"Wed",627.857142857143
2019-06-13,803,"Thu",639.285714285714
2019-06-14,810,"Fri",642.714285714286
2019-06-15,39,"Sat",648.285714285714
2019-06-16,0,NA,648.285714285714
2019-06-17,922,"Mon",631
2019-06-18,857,"Tue",615.285714285714
2019-06-19,988,"Wed",631.285714285714
2019-06-20,654,"Thu",610
2019-06-21,818,"Fri",611.142857142857
2019-06-22,0,NA,605.571428571429
2019-06-23,0,NA,605.571428571429
2019-06-24,937,"Mon",607.714285714286
2019-06-25,897,"Tue",613.428571428571
2019-06-26,840,"Wed",592.285714285714
2019-06-27,739,"Thu",604.428571428571
2019-06-28,709,"Fri",588.857142857143
2019-06-29,0,NA,588.857142857143
2019-06-30,0,NA,588.857142857143
2019-07-01,1006,"Mon",598.714285714286
2019-07-02,939,"Tue",604.714285714286
2019-07-03,959,"Wed",621.714285714286
2019-07-04,743,"Thu",622.285714285714
2019-07-05,780,"Fri",632.428571428571
2019-07-06,499,"Sat",703.714285714286
2019-07-07,18,"Sun",706.285714285714
2019-07-08,838,"Mon",682.285714285714
2019-07-09,629,"Tue",638
2019-07-10,858,"Wed",623.571428571429
2019-07-11,816,"Thu",634
2019-07-12,900,"Fri",651.142857142857
2019-07-13,96,"Sat",593.571428571429
2019-07-14,27,"Sun",594.857142857143
2019-07-15,954,"Mon",611.428571428571
2019-07-16,711,"Tue",623.142857142857
2019-07-17,1008,"Wed",644.571428571429
2019-07-18,728,"Thu",632
2019-07-19,903,"Fri",632.428571428571
2019-07-20,90,"Sat",631.571428571429
2019-07-21,0,NA,627.714285714286
2019-07-22,708,"Mon",592.571428571429
2019-07-23,800,"Tue",605.285714285714
2019-07-24,1004,"Wed",604.714285714286
2019-07-25,642,"Thu",592.428571428571
2019-07-26,738,"Fri",568.857142857143
2019-07-27,97,"Sat",569.857142857143
2019-07-28,0,NA,569.857142857143
2019-07-29,822,"Mon",586.142857142857
2019-07-30,753,"Tue",579.428571428571
2019-07-31,847,"Wed",557
2019-08-01,819,"Thu",582.285714285714
2019-08-02,891,"Fri",604.142857142857
2019-08-03,0,NA,590.285714285714
2019-08-04,0,NA,590.285714285714
2019-08-05,906,"Mon",602.285714285714
2019-08-06,785,"Tue",606.857142857143
2019-08-07,885,"Wed",612.285714285714
2019-08-08,732,"Thu",599.857142857143
2019-08-09,858,"Fri",595.142857142857
2019-08-10,0,NA,595.142857142857
2019-08-11,1,"Sun",595.285714285714
2019-08-12,1002,"Mon",609
2019-08-13,732,"Tue",601.428571428571
2019-08-14,748,"Wed",581.857142857143
2019-08-15,641,"Thu",568.857142857143
2019-08-16,739,"Fri",551.857142857143
2019-08-17,0,NA,551.857142857143
2019-08-18,0,NA,551.714285714286
2019-08-19,1213,"Mon",581.857142857143
2019-08-20,658,"Tue",571.285714285714
2019-08-21,822,"Wed",581.857142857143
2019-08-22,703,"Thu",590.714285714286
2019-08-23,707,"Fri",586.142857142857
2019-08-24,0,NA,586.142857142857
2019-08-25,0,NA,586.142857142857
2019-08-26,505,"Mon",485
2019-08-27,793,"Tue",504.285714285714
2019-08-28,730,"Wed",491.142857142857
2019-08-29,691,"Thu",489.428571428571
2019-08-30,773,"Fri",498.857142857143
2019-08-31,1,"Sat",499
2019-09-01,1,"Sun",499.142857142857
2019-09-02,925,"Mon",559.142857142857
2019-09-03,792,"Tue",559
2019-09-04,772,"Wed",565
2019-09-05,826,"Thu",584.285714285714
2019-09-06,977,"Fri",613.428571428571
2019-09-07,0,NA,613.285714285714
2019-09-08,0,NA,613.142857142857
2019-09-09,966,"Mon",619
2019-09-10,834,"Tue",625
2019-09-11,912,"Wed",645
2019-09-12,917,"Thu",658
2019-09-13,1000,"Fri",661.285714285714
2019-09-14,0,NA,661.285714285714
2019-09-15,32,"Sun",665.857142857143
2019-09-16,1021,"Mon",673.714285714286
2019-09-17,876,"Tue",679.714285714286
2019-09-18,826,"Wed",667.428571428571
2019-09-19,536,"Thu",613
2019-09-20,1036,"Fri",618.142857142857
2019-09-21,662,"Sat",712.714285714286
2019-09-22,1,"Sun",708.285714285714
2019-09-23,754,"Mon",670.142857142857
2019-09-24,818,"Tue",661.857142857143
2019-09-25,891,"Wed",671.142857142857
2019-09-26,870,"Thu",718.857142857143
2019-09-27,755,"Fri",678.714285714286
2019-09-28,0,NA,584.142857142857
2019-09-29,0,NA,584
2019-09-30,1109,"Mon",634.714285714286
2019-10-01,951,"Tue",653.714285714286
2019-10-02,907,"Wed",656
2019-10-03,931,"Thu",664.714285714286
2019-10-04,878,"Fri",682.285714285714
2019-10-05,0,NA,682.285714285714
2019-10-06,0,NA,682.285714285714
2019-10-07,1098,"Mon",680.714285714286
2019-10-08,923,"Tue",676.714285714286
2019-10-09,984,"Wed",687.714285714286
2019-10-10,1056,"Thu",705.571428571429
2019-10-11,722,"Fri",683.285714285714
2019-10-12,491,"Sat",753.428571428571
2019-10-13,17,"Sun",755.857142857143
2019-10-14,936,"Mon",732.714285714286
2019-10-15,978,"Tue",740.571428571429
2019-10-16,1146,"Wed",763.714285714286
2019-10-17,970,"Thu",751.428571428571
2019-10-18,962,"Fri",785.714285714286
2019-10-19,0,NA,715.571428571429
2019-10-20,6,"Sun",714
2019-10-21,1007,"Mon",724.142857142857
2019-10-22,1007,"Tue",728.285714285714
2019-10-23,1031,"Wed",711.857142857143
2019-10-24,1082,"Thu",727.857142857143
2019-10-25,932,"Fri",723.571428571429
2019-10-26,0,NA,723.571428571429
2019-10-27,0,NA,722.714285714286
2019-10-28,1274,"Mon",760.857142857143
2019-10-29,1089,"Tue",772.571428571429
2019-10-30,849,"Wed",746.571428571429
2019-10-31,847,"Thu",713
2019-11-01,796,"Fri",693.571428571429
2019-11-02,0,NA,693.571428571429
2019-11-03,0,NA,693.571428571429
2019-11-04,1273,"Mon",693.428571428571
2019-11-05,966,"Tue",675.857142857143
2019-11-06,1037,"Wed",702.714285714286
2019-11-07,764,"Thu",690.857142857143
2019-11-08,1131,"Fri",738.714285714286
2019-11-09,0,NA,738.714285714286
2019-11-10,1,"Sun",738.857142857143
2019-11-11,1031,"Mon",704.285714285714
2019-11-12,1150,"Tue",730.571428571429
2019-11-13,1002,"Wed",725.571428571429
2019-11-14,832,"Thu",735.285714285714
2019-11-15,864,"Fri",697.142857142857
2019-11-16,0,NA,697.142857142857
2019-11-17,0,NA,697
2019-11-18,1195,"Mon",720.428571428571
2019-11-19,1010,"Tue",700.428571428571
2019-11-20,1167,"Wed",724
2019-11-21,895,"Thu",733
2019-11-22,850,"Fri",731
2019-11-23,2,"Sat",731.285714285714
2019-11-24,0,NA,731.285714285714
2019-11-25,1275,"Mon",742.714285714286
2019-11-26,965,"Tue",736.285714285714
2019-11-27,998,"Wed",712.142857142857
2019-11-28,857,"Thu",706.714285714286
2019-11-29,919,"Fri",716.571428571429
2019-11-30,0,NA,716.285714285714
2019-12-01,6,"Sun",717.142857142857
2019-12-02,1486,"Mon",747.285714285714
2019-12-03,870,"Tue",733.714285714286
2019-12-04,857,"Wed",713.571428571429
2019-12-05,946,"Thu",726.285714285714
2019-12-06,823,"Fri",712.571428571429
2019-12-07,0,NA,712.571428571429
2019-12-08,0,NA,711.714285714286
2019-12-09,1292,"Mon",684
2019-12-10,821,"Tue",677
2019-12-11,859,"Wed",677.285714285714
2019-12-12,878,"Thu",667.571428571429
2019-12-13,745,"Fri",656.428571428571
2019-12-14,0,NA,656.428571428571
2019-12-15,0,NA,656.428571428571
2019-12-16,1161,"Mon",637.714285714286
2019-12-17,933,"Tue",653.714285714286
2019-12-18,954,"Wed",667.285714285714
2019-12-19,932,"Thu",675
2019-12-20,874,"Fri",693.428571428571
2019-12-21,0,NA,693.428571428571
2019-12-22,0,NA,693.428571428571
2019-12-23,1034,"Mon",675.285714285714
2019-12-24,402,"Tue",599.428571428571
2019-12-25,0,NA,463.142857142857
2019-12-26,0,NA,330
2019-12-27,417,"Fri",264.714285714286
2019-12-28,0,NA,264.714285714286
2019-12-29,0,NA,264.714285714286
2019-12-30,894,"Mon",244.714285714286
2019-12-31,435,"Tue",249.428571428571
2020-01-01,17,"Wed",251.857142857143
2020-01-02,787,"Thu",364.285714285714
2020-01-03,847,"Fri",425.714285714286
2020-01-04,0,NA,425.714285714286
2020-01-05,1,"Sun",425.857142857143
2020-01-06,1190,"Mon",468.142857142857
2020-01-07,991,"Tue",547.571428571429
2020-01-08,869,"Wed",669.285714285714
2020-01-09,1154,"Thu",721.714285714286
2020-01-10,914,"Fri",731.285714285714
2020-01-11,0,NA,731.285714285714
2020-01-12,0,NA,731.142857142857
2020-01-13,1446,"Mon",767.714285714286
2020-01-14,1210,"Tue",799
2020-01-15,1101,"Wed",832.142857142857
2020-01-16,833,"Thu",786.285714285714
2020-01-17,1353,"Fri",849
2020-01-18,0,NA,849
2020-01-19,1,"Sun",849.142857142857
2020-01-20,1716,"Mon",887.714285714286
2020-01-21,1177,"Tue",883
2020-01-22,914,"Wed",856.285714285714
2020-01-23,1117,"Thu",896.857142857143
2020-01-24,954,"Fri",839.857142857143
2020-01-25,0,NA,839.857142857143
2020-01-26,0,NA,839.714285714286
2020-01-27,1431,"Mon",799
2020-01-28,1319,"Tue",819.285714285714
2020-01-29,863,"Wed",812
2020-01-30,816,"Thu",769
2020-01-31,849,"Fri",754
2020-02-01,3,"Sat",754.428571428571
2020-02-02,0,NA,754.428571428571
2020-02-03,1474,"Mon",760.571428571429
2020-02-04,1262,"Tue",752.428571428571
2020-02-05,1194,"Wed",799.714285714286
2020-02-06,1151,"Thu",847.571428571429
2020-02-07,1055,"Fri",877
2020-02-08,0,NA,876.571428571429
2020-02-09,0,NA,876.571428571429
2020-02-10,1545,"Mon",886.714285714286
2020-02-11,1280,"Tue",889.285714285714
2020-02-12,1133,"Wed",880.571428571429
2020-02-13,1272,"Thu",897.857142857143
2020-02-14,1198,"Fri",918.285714285714
2020-02-15,261,"Sat",955.571428571429
2020-02-16,0,NA,955.571428571429
2020-02-17,1059,"Mon",886.142857142857
2020-02-18,1085,"Tue",858.285714285714
2020-02-19,1145,"Wed",860
2020-02-20,1145,"Thu",841.857142857143
2020-02-21,1005,"Fri",814.285714285714
2020-02-22,0,NA,777
2020-02-23,0,NA,777
2020-02-24,1342,"Mon",817.428571428571
2020-02-25,1421,"Tue",865.428571428571
2020-02-26,1423,"Wed",905.142857142857
2020-02-27,981,"Thu",881.714285714286
2020-02-28,1038,"Fri",886.428571428571
2020-02-29,0,NA,886.428571428571
2020-03-01,13,"Sun",888.285714285714
2020-03-02,1333,"Mon",887
2020-03-03,1092,"Tue",840
2020-03-04,1297,"Wed",822
2020-03-05,1009,"Thu",826
2020-03-06,985,"Fri",818.428571428571
2020-03-07,0,NA,818.428571428571
2020-03-08,0,NA,816.571428571429
2020-03-09,1657,"Mon",862.857142857143
2020-03-10,1318,"Tue",895.142857142857
2020-03-11,1337,"Wed",900.857142857143
2020-03-12,1274,"Thu",938.714285714286
2020-03-13,831,"Fri",916.714285714286
2020-03-14,0,NA,916.714285714286
2020-03-15,2,"Sun",917
2020-03-16,1129,"Mon",841.571428571429
2020-03-17,1016,"Tue",798.428571428571
2020-03-18,1279,"Wed",790.142857142857
2020-03-19,870,"Thu",732.428571428571
2020-03-20,816,"Fri",730.285714285714
2020-03-21,0,NA,730.285714285714
2020-03-22,0,NA,730
2020-03-23,840,"Mon",688.714285714286
2020-03-24,858,"Tue",666.142857142857
2020-03-25,882,"Wed",609.428571428571
2020-03-26,660,"Thu",579.428571428571
2020-03-27,489,"Fri",532.714285714286
2020-03-28,0,NA,532.714285714286
2020-03-29,0,NA,532.714285714286
2020-03-30,1013,"Mon",557.428571428571
2020-03-31,884,"Tue",561.142857142857
2020-04-01,820,"Wed",552.285714285714
2020-04-02,793,"Thu",571.285714285714
2020-04-03,693,"Fri",600.428571428571
2020-04-04,0,NA,600.428571428571
2020-04-05,0,NA,600.428571428571
2020-04-06,956,"Mon",592.285714285714
2020-04-07,816,"Tue",582.571428571429
2020-04-08,592,"Wed",550
2020-04-09,710,"Thu",538.142857142857
2020-04-10,0,NA,439.142857142857
2020-04-11,0,NA,439.142857142857
2020-04-12,0,NA,439.142857142857
2020-04-13,0,NA,302.571428571429
2020-04-14,891,"Tue",313.285714285714
2020-04-15,1062,"Wed",380.428571428571
2020-04-16,1190,"Thu",449
2020-04-17,941,"Fri",583.428571428571
2020-04-18,0,NA,583.428571428571
2020-04-19,0,NA,583.428571428571
2020-04-20,1074,"Mon",736.857142857143
2020-04-21,924,"Tue",741.571428571429
2020-04-22,825,"Wed",707.714285714286
2020-04-23,680,"Thu",634.857142857143
2020-04-24,676,"Fri",597
2020-04-25,0,NA,597
2020-04-26,0,NA,597
2020-04-27,1142,"Mon",606.714285714286
2020-04-28,982,"Tue",615
2020-04-29,980,"Wed",637.142857142857
2020-04-30,811,"Thu",655.857142857143
2020-05-01,851,"Fri",680.857142857143
2020-05-02,0,NA,680.857142857143
2020-05-03,0,NA,680.857142857143
2020-05-04,1073,"Mon",671
2020-05-05,1003,"Tue",674
2020-05-06,1105,"Wed",691.857142857143
2020-05-07,1025,"Thu",722.428571428571
2020-05-08,2,"Fri",601.142857142857
2020-05-09,0,NA,601.142857142857
2020-05-10,0,NA,601.142857142857
2020-05-11,1491,"Mon",660.857142857143
2020-05-12,1153,"Tue",682.285714285714
2020-05-13,1120,"Wed",684.428571428571
2020-05-14,1105,"Thu",695.857142857143
2020-05-15,1219,"Fri",869.714285714286
2020-05-16,0,NA,869.714285714286
2020-05-17,0,NA,869.714285714286
2020-05-18,1270,"Mon",838.142857142857
2020-05-19,1321,"Tue",862.142857142857
2020-05-20,1312,"Wed",889.571428571429
2020-05-21,1001,"Thu",874.714285714286
2020-05-22,1045,"Fri",849.857142857143
2020-05-23,0,NA,849.857142857143
2020-05-24,0,NA,849.857142857143
2020-05-25,0,NA,668.428571428571
2020-05-26,1820,"Tue",739.714285714286
2020-05-27,1736,"Wed",800.285714285714
2020-05-28,1300,"Thu",843
2020-05-29,1206,"Fri",866
2020-05-30,1082,"Sat",1020.57142857143
2020-05-31,0,NA,1020.57142857143
2020-06-01,936,"Mon",1154.28571428571
2020-06-02,1260,"Tue",1074.28571428571
2020-06-03,1434,"Wed",1031.14285714286
2020-06-04,1192,"Thu",1015.71428571429
2020-06-05,1381,"Fri",1040.71428571429
2020-06-06,0,NA,886.142857142857
2020-06-07,0,NA,886.142857142857
2020-06-08,1953,"Mon",1031.42857142857
2020-06-09,1811,"Tue",1110.14285714286
2020-06-10,1188,"Wed",1075
2020-06-11,1585,"Thu",1131.14285714286
2020-06-12,1377,"Fri",1130.57142857143
2020-06-13,1014,"Sat",1275.42857142857
2020-06-14,0,NA,1275.42857142857
2020-06-15,1388,"Mon",1194.71428571429
2020-06-16,1189,"Tue",1105.85714285714
2020-06-17,1243,"Wed",1113.71428571429
2020-06-18,1186,"Thu",1056.71428571429
2020-06-19,1430,"Fri",1064.28571428571
2020-06-20,1221,"Sat",1093.85714285714
2020-06-21,0,NA,1093.85714285714
2020-06-22,1490,"Mon",1108.42857142857
2020-06-23,1262,"Tue",1118.85714285714
2020-06-24,1204,"Wed",1113.28571428571
2020-06-25,1117,"Thu",1103.42857142857
2020-06-26,964,"Fri",1036.85714285714
2020-06-27,0,NA,862.428571428571
2020-06-28,0,NA,862.428571428571
2020-06-29,1799,"Mon",906.571428571429
2020-06-30,1683,"Tue",966.714285714286
2020-07-01,1593,"Wed",1022.28571428571
2020-07-02,1507,"Thu",1078
2020-07-03,1170,"Fri",1107.42857142857
2020-07-04,611,"Sat",1194.71428571429
2020-07-05,671,"Sun",1290.57142857143
2020-07-06,1482,"Mon",1245.28571428571
2020-07-07,1257,"Tue",1184.42857142857
2020-07-08,1318,"Wed",1145.14285714286
2020-07-09,1216,"Thu",1103.57142857143
2020-07-10,1388,"Fri",1134.71428571429
2020-07-11,0,NA,1047.42857142857
2020-07-12,0,NA,951.571428571429
2020-07-13,1699,"Mon",982.571428571429
2020-07-14,1624,"Tue",1035
2020-07-15,1552,"Wed",1068.42857142857
2020-07-16,1214,"Thu",1068.14285714286
2020-07-17,1166,"Fri",1036.42857142857
2020-07-18,0,NA,1036.42857142857
2020-07-19,1005,"Sun",1180
2020-07-20,1250,"Mon",1115.85714285714
2020-07-21,1279,"Tue",1066.57142857143
2020-07-22,1194,"Wed",1015.42857142857
2020-07-23,1444,"Thu",1048.28571428571
2020-07-24,1220,"Fri",1056
2020-07-25,0,NA,1056
2020-07-26,0,NA,912.428571428571
2020-07-27,1853,"Mon",998.571428571429
2020-07-28,1587,"Tue",1042.57142857143
2020-07-29,1577,"Wed",1097.28571428571
2020-07-30,1352,"Thu",1084.14285714286
2020-07-31,1062,"Fri",1061.57142857143
2020-08-01,215,"Sat",1092.28571428571
2020-08-02,851,"Sun",1213.85714285714
2020-08-03,1017,"Mon",1094.42857142857
2020-08-04,1247,"Tue",1045.85714285714
2020-08-05,1376,"Wed",1017.14285714286
2020-08-06,1208,"Thu",996.571428571429
2020-08-07,1101,"Fri",1002.14285714286
2020-08-08,0,NA,971.428571428571
2020-08-09,1,"Sun",850
2020-08-10,1408,"Mon",905.857142857143
2020-08-11,1412,"Tue",929.428571428571
2020-08-12,1273,"Wed",914.714285714286
2020-08-13,1205,"Thu",914.285714285714
2020-08-14,1171,"Fri",924.285714285714
2020-08-15,2,"Sat",924.571428571429
2020-08-16,684,"Sun",1022.14285714286
2020-08-17,1363,"Mon",1015.71428571429
2020-08-18,1381,"Tue",1011.28571428571
2020-08-19,1272,"Wed",1011.14285714286
2020-08-20,1160,"Thu",1004.71428571429
2020-08-21,1229,"Fri",1013
2020-08-22,0,NA,1012.71428571429
2020-08-23,0,NA,915
2020-08-24,1679,"Mon",960.142857142857
2020-08-25,1336,"Tue",953.714285714286
2020-08-26,1275,"Wed",954.142857142857
2020-08-27,1254,"Thu",967.571428571429
2020-08-28,1134,"Fri",954
2020-08-29,14,"Sat",956
2020-08-30,0,NA,956
2020-08-31,1444,"Mon",922.428571428571
2020-09-01,1167,"Tue",898.285714285714
2020-09-02,1251,"Wed",894.857142857143
2020-09-03,1334,"Thu",906.285714285714
2020-09-04,1308,"Fri",931.142857142857
2020-09-05,0,NA,929.142857142857
2020-09-06,0,NA,929.142857142857
2020-09-07,1633,"Mon",956.142857142857
2020-09-08,1384,"Tue",987.142857142857
2020-09-09,1434,"Wed",1013.28571428571
2020-09-10,1187,"Thu",992.285714285714
2020-09-11,950,"Fri",941.142857142857
2020-09-12,127,"Sat",959.285714285714
2020-09-13,1241,"Sun",1136.57142857143
2020-09-14,870,"Mon",1027.57142857143
2020-09-15,1229,"Tue",1005.42857142857
2020-09-16,1264,"Wed",981.142857142857
2020-09-17,1240,"Thu",988.714285714286
2020-09-18,1460,"Fri",1061.57142857143
2020-09-19,0,NA,1043.42857142857
2020-09-20,1,"Sun",866.285714285714
2020-09-21,1872,"Mon",1009.42857142857
2020-09-22,1362,"Tue",1028.42857142857
2020-09-23,1467,"Wed",1057.42857142857
2020-09-24,1438,"Thu",1085.71428571429
2020-09-25,1614,"Fri",1107.71428571429
2020-09-26,0,NA,1107.71428571429
2020-09-27,0,NA,1107.57142857143
2020-09-28,1812,"Mon",1099
2020-09-29,1253,"Tue",1083.42857142857
2020-09-30,1451,"Wed",1081.14285714286
2020-10-01,1651,"Thu",1111.57142857143
2020-10-02,1666,"Fri",1119
2020-10-03,510,"Sat",1191.85714285714
2020-10-04,764,"Sun",1301
2020-10-05,1536,"Mon",1261.57142857143
2020-10-06,1368,"Tue",1278
2020-10-07,1357,"Wed",1264.57142857143
2020-10-08,1183,"Thu",1197.71428571429
2020-10-09,1216,"Fri",1133.42857142857
2020-10-10,0,NA,1060.57142857143
2020-10-11,0,NA,951.428571428571
2020-10-12,1567,"Mon",955.857142857143
2020-10-13,1553,"Tue",982.285714285714
2020-10-14,1592,"Wed",1015.85714285714
2020-10-15,1483,"Thu",1058.71428571429
2020-10-16,1200,"Fri",1056.42857142857
2020-10-17,0,NA,1056.42857142857
2020-10-18,0,NA,1056.42857142857
2020-10-19,1471,"Mon",1042.71428571429
2020-10-20,1161,"Tue",986.714285714286
2020-10-21,1286,"Wed",943
2020-10-22,1357,"Thu",925
2020-10-23,1419,"Fri",956.285714285714
2020-10-24,1,"Sat",956.428571428571
2020-10-25,0,NA,956.428571428571
2020-10-26,1444,"Mon",952.571428571429
2020-10-27,1572,"Tue",1011.28571428571
2020-10-28,1321,"Wed",1016.28571428571
2020-10-29,1260,"Thu",1002.42857142857
2020-10-30,1289,"Fri",983.857142857143
2020-10-31,0,NA,983.714285714286
2020-11-01,9,"Sun",985
2020-11-02,1889,"Mon",1048.57142857143
2020-11-03,1346,"Tue",1016.28571428571
2020-11-04,1534,"Wed",1046.71428571429
2020-11-05,1298,"Thu",1052.14285714286
2020-11-06,1066,"Fri",1020.28571428571
2020-11-07,1,"Sat",1020.42857142857
2020-11-08,0,NA,1019.14285714286
2020-11-09,1507,"Mon",964.571428571429
2020-11-10,1295,"Tue",957.285714285714
2020-11-11,1446,"Wed",944.714285714286
2020-11-12,1202,"Thu",931
2020-11-13,1426,"Fri",982.428571428571
2020-11-14,0,NA,982.285714285714
2020-11-15,1680,"Sun",1222.28571428571
2020-11-16,1206,"Mon",1179.28571428571
2020-11-17,1176,"Tue",1162.28571428571
2020-11-18,1316,"Wed",1143.71428571429
2020-11-19,1321,"Thu",1160.71428571429
2020-11-20,1351,"Fri",1150
2020-11-21,0,NA,1150
2020-11-22,0,NA,910
2020-11-23,1375,"Mon",934.142857142857
2020-11-24,1335,"Tue",956.857142857143
2020-11-25,1148,"Wed",932.857142857143
2020-11-26,1129,"Thu",905.428571428571
2020-11-27,1260,"Fri",892.428571428571
2020-11-28,3,"Sat",892.857142857143
2020-11-29,0,NA,892.857142857143
2020-11-30,1403,"Mon",896.857142857143
2020-12-01,1467,"Tue",915.714285714286
2020-12-02,1388,"Wed",950
2020-12-03,1153,"Thu",953.428571428571
2020-12-04,1151,"Fri",937.857142857143
2020-12-05,0,NA,937.428571428571
2020-12-06,1309,"Sun",1124.42857142857
2020-12-07,1168,"Mon",1090.85714285714
2020-12-08,1069,"Tue",1034
2020-12-09,1344,"Wed",1027.71428571429
2020-12-10,890,"Thu",990.142857142857
2020-12-11,1070,"Fri",978.571428571429
2020-12-12,0,NA,978.571428571429
2020-12-13,0,NA,791.571428571429
2020-12-14,1287,"Mon",808.571428571429
2020-12-15,1077,"Tue",809.714285714286
2020-12-16,1186,"Wed",787.142857142857
2020-12-17,1217,"Thu",833.857142857143
2020-12-18,1055,"Fri",831.714285714286
2020-12-19,123,"Sat",849.285714285714
2020-12-20,0,NA,849.285714285714
2020-12-21,1296,"Mon",850.571428571429
2020-12-22,961,"Tue",834
2020-12-23,1018,"Wed",810
2020-12-24,696,"Thu",735.571428571429
2020-12-25,0,NA,584.857142857143
2020-12-26,0,NA,567.285714285714
2020-12-27,0,NA,567.285714285714
2020-12-28,0,NA,382.142857142857
2020-12-29,1122,"Tue",405.142857142857
2020-12-30,1384,"Wed",457.428571428571
2020-12-31,1029,"Thu",505
2021-01-01,19,"Fri",507.714285714286
2021-01-02,52,"Sat",515.142857142857
2021-01-03,0,NA,515.142857142857
2021-01-04,1616,"Mon",746
2021-01-05,1471,"Tue",795.857142857143
2021-01-06,1593,"Wed",825.714285714286
2021-01-07,1007,"Thu",822.571428571429
2021-01-08,1260,"Fri",999.857142857143
2021-01-09,0,NA,992.428571428571
2021-01-10,0,NA,992.428571428571
2021-01-11,1569,"Mon",985.714285714286
2021-01-12,1320,"Tue",964.142857142857
2021-01-13,1429,"Wed",940.714285714286
2021-01-14,1260,"Thu",976.857142857143
2021-01-15,1119,"Fri",956.714285714286
2021-01-16,0,NA,956.714285714286
2021-01-17,0,NA,956.714285714286
2021-01-18,1903,"Mon",1004.42857142857
2021-01-19,1306,"Tue",1002.42857142857
2021-01-20,1465,"Wed",1007.57142857143
2021-01-21,1222,"Thu",1002.14285714286
2021-01-22,1019,"Fri",987.857142857143
2021-01-23,0,NA,987.857142857143
2021-01-24,22,"Sun",991
2021-01-25,1905,"Mon",991.285714285714
2021-01-26,1348,"Tue",997.285714285714
2021-01-27,1424,"Wed",991.428571428571
2021-01-28,1184,"Thu",986
2021-01-29,1204,"Fri",1012.42857142857
2021-01-30,47,"Sat",1019.14285714286
2021-01-31,0,NA,1016
2021-02-01,1648,"Mon",979.285714285714
2021-02-02,1364,"Tue",981.571428571429
2021-02-03,1462,"Wed",987
2021-02-04,1290,"Thu",1002.14285714286
2021-02-05,1236,"Fri",1006.71428571429
2021-02-06,45,"Sat",1006.42857142857
2021-02-07,0,NA,1006.42857142857
2021-02-08,1742,"Mon",1019.85714285714
2021-02-09,1635,"Tue",1058.57142857143
2021-02-10,1529,"Wed",1068.14285714286
2021-02-11,1473,"Thu",1094.28571428571
2021-02-12,901,"Fri",1046.42857142857
2021-02-13,0,NA,1040
2021-02-14,0,NA,1040
2021-02-15,1266,"Mon",972
2021-02-16,1555,"Tue",960.571428571429
2021-02-17,1436,"Wed",947.285714285714
2021-02-18,1425,"Thu",940.428571428571
2021-02-19,1307,"Fri",998.428571428571
2021-02-20,0,NA,998.428571428571
2021-02-21,0,NA,998.428571428571
2021-02-22,1422,"Mon",1020.71428571429
2021-02-23,1375,"Tue",995
2021-02-24,1690,"Wed",1031.28571428571
2021-02-25,1755,"Thu",1078.42857142857
2021-02-26,1295,"Fri",1076.71428571429
2021-02-27,1290,"Sat",1261
2021-02-28,0,NA,1261
2021-03-01,1482,"Mon",1269.57142857143
2021-03-02,1490,"Tue",1286
2021-03-03,1411,"Wed",1246.14285714286
2021-03-04,1221,"Thu",1169.85714285714
2021-03-05,1395,"Fri",1184.14285714286
2021-03-06,0,NA,999.857142857143
2021-03-07,0,NA,999.857142857143
2021-03-08,1594,"Mon",1015.85714285714
2021-03-09,1262,"Tue",983.285714285714
2021-03-10,1258,"Wed",961.428571428571
2021-03-11,1530,"Thu",1005.57142857143
2021-03-12,1551,"Fri",1027.85714285714
2021-03-13,26,"Sat",1031.57142857143
2021-03-14,0,NA,1031.57142857143
2021-03-15,1857,"Mon",1069.14285714286
2021-03-16,1501,"Tue",1103.28571428571
2021-03-17,1107,"Wed",1081.71428571429
2021-03-18,1189,"Thu",1033
2021-03-19,1417,"Fri",1013.85714285714
2021-03-20,1,"Sat",1010.28571428571
2021-03-21,925,"Sun",1142.42857142857
2021-03-22,1457,"Mon",1085.28571428571
2021-03-23,1212,"Tue",1044
2021-03-24,1479,"Wed",1097.14285714286
2021-03-25,1171,"Thu",1094.57142857143
2021-03-26,1437,"Fri",1097.42857142857
2021-03-27,0,NA,1097.28571428571
2021-03-28,912,"Sun",1095.42857142857
2021-03-29,1809,"Mon",1145.71428571429
2021-03-30,1347,"Tue",1165
2021-03-31,1358,"Wed",1147.71428571429
2021-04-01,1340,"Thu",1171.85714285714
2021-04-02,0,NA,966.571428571429
2021-04-03,1398,"Sat",1166.28571428571
2021-04-04,0,NA,1036
2021-04-05,0,NA,777.571428571429
2021-04-06,1539,"Tue",805
2021-04-07,1526,"Wed",829
2021-04-08,1854,"Thu",902.428571428571
2021-04-09,1475,"Fri",1113.14285714286
2021-04-10,0,NA,913.428571428571
2021-04-11,0,NA,913.428571428571
2021-04-12,1391,"Mon",1112.14285714286
2021-04-13,1146,"Tue",1056
2021-04-14,1565,"Wed",1061.57142857143
2021-04-15,1499,"Thu",1010.85714285714
2021-04-16,1332,"Fri",990.428571428571
2021-04-17,0,NA,990.428571428571
2021-04-18,0,NA,990.428571428571
2021-04-19,1691,"Mon",1033.28571428571
2021-04-20,1062,"Tue",1021.28571428571
2021-04-21,1240,"Wed",974.857142857143
2021-04-22,1021,"Thu",906.571428571429
2021-04-23,1175,"Fri",884.142857142857
2021-04-24,0,NA,884.142857142857
2021-04-25,0,NA,884.142857142857
2021-04-26,1635,"Mon",876.142857142857
2021-04-27,1532,"Tue",943.285714285714
2021-04-28,1432,"Wed",970.714285714286
2021-04-29,1304,"Thu",1011.14285714286
2021-04-30,1045,"Fri",992.571428571429
2021-05-01,0,NA,992.571428571429
2021-05-02,0,NA,992.571428571429
2021-05-03,1019,"Mon",904.571428571429
2021-05-04,1670,"Tue",924.285714285714
2021-05-05,1235,"Wed",896.142857142857
2021-05-06,1098,"Thu",866.714285714286
2021-05-07,1037,"Fri",865.571428571429
2021-05-08,0,NA,865.571428571429
2021-05-09,0,NA,865.571428571429
2021-05-10,1340,"Mon",911.428571428571
2021-05-11,1684,"Tue",913.428571428571
2021-05-12,1320,"Wed",925.571428571429
2021-05-13,1334,"Thu",959.285714285714
2021-05-14,1994,"Fri",1096
2021-05-15,120,"Sat",1113.14285714286
2021-05-16,846,"Sun",1234
2021-05-17,1376,"Mon",1239.14285714286
2021-05-18,1115,"Tue",1157.85714285714
2021-05-19,1086,"Wed",1124.42857142857
2021-05-20,1279,"Thu",1116.57142857143
2021-05-21,1010,"Fri",976
2021-05-22,0,NA,958.857142857143
2021-05-23,0,NA,838
2021-05-24,1473,"Mon",851.857142857143
2021-05-25,1140,"Tue",855.428571428571
2021-05-26,1302,"Wed",886.285714285714
2021-05-27,1213,"Thu",876.857142857143
2021-05-28,1148,"Fri",896.571428571429
2021-05-29,0,NA,896.571428571429
2021-05-30,0,NA,896.571428571429
2021-05-31,674,"Mon",782.428571428571
